{"cameraMode":{"drawMode":0,"name":"Shaded","section":"Shading Mode"},"sceneLighting":true,"audioPlay":false,"sceneViewState":{"m_AlwaysRefresh":false,"showFog":true,"showSkybox":true,"showFlares":true,"showImageEffects":true,"showParticleSystems":true,"showVisualEffectGraphs":true,"m_FxEnabled":true},"in2DMode":false,"pivot":{"x":0.7689021229743958,"y":-0.38987910747528078,"z":-1.9418582916259766},"rotation":{"x":-0.2303168624639511,"y":-0.19491802155971528,"z":0.04714192822575569,"w":-0.9522427320480347},"size":6.224444389343262,"orthographic":false}