{"cameraMode":{"drawMode":0,"name":"Shaded","section":"Shading Mode"},"sceneLighting":true,"audioPlay":false,"sceneViewState":{"m_AlwaysRefresh":false,"showFog":true,"showSkybox":true,"showFlares":true,"showImageEffects":true,"showParticleSystems":true,"showVisualEffectGraphs":true,"m_FxEnabled":true},"in2DMode":false,"pivot":{"x":1.3881707191467286,"y":3.9651436805725099,"z":-4.61775541305542},"rotation":{"x":-0.09560549259185791,"y":-0.06683989614248276,"z":0.007036080118268728,"w":-0.9932540059089661},"size":5.836427211761475,"orthographic":false}